dimension,pan_bin_deg,tilt_bin_deg,n_images,face_detected_n,face_detected_rate,pose_usable_n,pose_usable_rate,both_missing_n,both_missing_rate,median_abs_relative_mp_yaw_error_deg,pose_yaw_spearman_vs_gt_pan
overall,,,13950,10246,0.73448,4512,0.323441,2338,0.167599,71.357947,-0.947729
pan,-90,,1050,472,0.449524,438,0.417143,330,0.314286,143.769209,
pan,-75,,1050,695,0.661905,381,0.362857,218,0.207619,123.118347,
pan,-60,,1050,882,0.84,326,0.310476,104,0.099048,100.882392,
pan,-45,,1050,934,0.889524,326,0.310476,75,0.071429,78.220101,
pan,-30,,1050,948,0.902857,325,0.309524,60,0.057143,54.081641,
pan,-15,,1050,962,0.91619,318,0.302857,59,0.05619,28.461975,
pan,0,,1350,1099,0.814074,437,0.323704,142,0.105185,3.023629,
pan,15,,1050,963,0.917143,311,0.29619,57,0.054286,26.49752,
pan,30,,1050,926,0.881905,296,0.281905,81,0.077143,51.49735,
pan,45,,1050,829,0.789524,307,0.292381,146,0.139048,75.822266,
pan,60,,1050,682,0.649524,324,0.308571,255,0.242857,97.72563,
pan,75,,1050,501,0.477143,341,0.324762,368,0.350476,117.568336,
pan,90,,1050,353,0.33619,382,0.36381,443,0.421905,137.624129,
tilt,,-90,150,79,0.526667,59,0.393333,37,0.246667,2.219159,
tilt,,-75,0,0,,0,,0,,,
tilt,,-60,1950,1145,0.587179,723,0.370769,487,0.249744,54.391803,-0.974482
tilt,,-45,0,0,,0,,0,,,
tilt,,-30,1950,1273,0.652821,643,0.329744,446,0.228718,56.585456,-0.98406
tilt,,-15,1950,1378,0.706667,574,0.294359,381,0.195385,66.509331,-0.983058
tilt,,0,1950,1506,0.772308,518,0.265641,308,0.157949,73.23249,-0.981386
tilt,,15,1950,1575,0.807692,619,0.317436,245,0.125641,75.938922,-0.967667
tilt,,30,1950,1626,0.833846,611,0.313333,214,0.109744,77.637176,-0.969296
tilt,,45,0,0,,0,,0,,,
tilt,,60,1950,1601,0.821026,703,0.360513,179,0.091795,77.170796,-0.917651
tilt,,75,0,0,,0,,0,,,
tilt,,90,150,63,0.42,62,0.413333,41,0.273333,7.034791,
pan_x_tilt_detection,-90,-90,0,0,,0,,0,,,
pan_x_tilt_detection,-90,-75,0,0,,0,,0,,,
pan_x_tilt_detection,-90,-60,150,40,0.266667,63,0.42,59,0.393333,136.294829,
pan_x_tilt_detection,-90,-45,0,0,,0,,0,,,
pan_x_tilt_detection,-90,-30,150,30,0.2,69,0.46,62,0.413333,139.72611,
pan_x_tilt_detection,-90,-15,150,49,0.326667,62,0.413333,59,0.393333,138.864997,
pan_x_tilt_detection,-90,0,150,68,0.453333,67,0.446667,50,0.333333,141.127632,
pan_x_tilt_detection,-90,15,150,81,0.54,63,0.42,42,0.28,145.329033,
pan_x_tilt_detection,-90,30,150,97,0.646667,62,0.413333,36,0.24,146.764992,
pan_x_tilt_detection,-90,45,0,0,,0,,0,,,
pan_x_tilt_detection,-90,60,150,107,0.713333,52,0.346667,22,0.146667,148.187776,
pan_x_tilt_detection,-90,75,0,0,,0,,0,,,
pan_x_tilt_detection,-90,90,0,0,,0,,0,,,
pan_x_tilt_detection,-75,-90,0,0,,0,,0,,,
pan_x_tilt_detection,-75,-75,0,0,,0,,0,,,
pan_x_tilt_detection,-75,-60,150,60,0.4,55,0.366667,53,0.353333,116.918435,
pan_x_tilt_detection,-75,-45,0,0,,0,,0,,,
pan_x_tilt_detection,-75,-30,150,79,0.526667,59,0.393333,46,0.306667,120.829678,
pan_x_tilt_detection,-75,-15,150,93,0.62,52,0.346667,32,0.213333,121.543561,
pan_x_tilt_detection,-75,0,150,104,0.693333,48,0.32,31,0.206667,122.346583,
pan_x_tilt_detection,-75,15,150,116,0.773333,55,0.366667,22,0.146667,123.712743,
pan_x_tilt_detection,-75,30,150,121,0.806667,57,0.38,17,0.113333,127.401826,
pan_x_tilt_detection,-75,45,0,0,,0,,0,,,
pan_x_tilt_detection,-75,60,150,122,0.813333,55,0.366667,17,0.113333,124.955224,
pan_x_tilt_detection,-75,75,0,0,,0,,0,,,
pan_x_tilt_detection,-75,90,0,0,,0,,0,,,
pan_x_tilt_detection,-60,-90,0,0,,0,,0,,,
pan_x_tilt_detection,-60,-75,0,0,,0,,0,,,
pan_x_tilt_detection,-60,-60,150,104,0.693333,50,0.333333,24,0.16,97.440663,
pan_x_tilt_detection,-60,-45,0,0,,0,,0,,,
pan_x_tilt_detection,-60,-30,150,125,0.833333,50,0.333333,17,0.113333,99.626033,
pan_x_tilt_detection,-60,-15,150,128,0.853333,46,0.306667,15,0.1,99.877534,
pan_x_tilt_detection,-60,0,150,128,0.853333,39,0.26,17,0.113333,100.934171,
pan_x_tilt_detection,-60,15,150,133,0.886667,47,0.313333,10,0.066667,100.913758,
pan_x_tilt_detection,-60,30,150,133,0.886667,50,0.333333,11,0.073333,103.865834,
pan_x_tilt_detection,-60,45,0,0,,0,,0,,,
pan_x_tilt_detection,-60,60,150,131,0.873333,44,0.293333,10,0.066667,101.471755,
pan_x_tilt_detection,-60,75,0,0,,0,,0,,,
pan_x_tilt_detection,-60,90,0,0,,0,,0,,,
pan_x_tilt_detection,-45,-90,0,0,,0,,0,,,
pan_x_tilt_detection,-45,-75,0,0,,0,,0,,,
pan_x_tilt_detection,-45,-60,150,122,0.813333,55,0.366667,15,0.1,76.488908,
pan_x_tilt_detection,-45,-45,0,0,,0,,0,,,
pan_x_tilt_detection,-45,-30,150,129,0.86,50,0.333333,17,0.113333,77.889271,
pan_x_tilt_detection,-45,-15,150,136,0.906667,42,0.28,10,0.066667,78.061913,
pan_x_tilt_detection,-45,0,150,137,0.913333,36,0.24,9,0.06,78.066031,
pan_x_tilt_detection,-45,15,150,142,0.946667,48,0.32,5,0.033333,78.789792,
pan_x_tilt_detection,-45,30,150,137,0.913333,43,0.286667,9,0.06,79.532104,
pan_x_tilt_detection,-45,45,0,0,,0,,0,,,
pan_x_tilt_detection,-45,60,150,131,0.873333,52,0.346667,10,0.066667,78.951636,
pan_x_tilt_detection,-45,75,0,0,,0,,0,,,
pan_x_tilt_detection,-45,90,0,0,,0,,0,,,
pan_x_tilt_detection,-30,-90,0,0,,0,,0,,,
pan_x_tilt_detection,-30,-75,0,0,,0,,0,,,
pan_x_tilt_detection,-30,-60,150,127,0.846667,59,0.393333,15,0.1,52.47615,
pan_x_tilt_detection,-30,-45,0,0,,0,,0,,,
pan_x_tilt_detection,-30,-30,150,132,0.88,46,0.306667,11,0.073333,53.132353,
pan_x_tilt_detection,-30,-15,150,137,0.913333,43,0.286667,10,0.066667,53.841298,
pan_x_tilt_detection,-30,0,150,140,0.933333,42,0.28,5,0.033333,53.952971,
pan_x_tilt_detection,-30,15,150,139,0.926667,43,0.286667,7,0.046667,54.536379,
pan_x_tilt_detection,-30,30,150,141,0.94,43,0.286667,3,0.02,56.099131,
pan_x_tilt_detection,-30,45,0,0,,0,,0,,,
pan_x_tilt_detection,-30,60,150,132,0.88,49,0.326667,9,0.06,55.549537,
pan_x_tilt_detection,-30,75,0,0,,0,,0,,,
pan_x_tilt_detection,-30,90,0,0,,0,,0,,,
pan_x_tilt_detection,-15,-90,0,0,,0,,0,,,
pan_x_tilt_detection,-15,-75,0,0,,0,,0,,,
pan_x_tilt_detection,-15,-60,150,128,0.853333,59,0.393333,13,0.086667,27.89519,
pan_x_tilt_detection,-15,-45,0,0,,0,,0,,,
pan_x_tilt_detection,-15,-30,150,135,0.9,55,0.366667,10,0.066667,27.319414,
pan_x_tilt_detection,-15,-15,150,139,0.926667,42,0.28,6,0.04,28.871137,
pan_x_tilt_detection,-15,0,150,139,0.926667,34,0.226667,9,0.06,27.894402,
pan_x_tilt_detection,-15,15,150,139,0.926667,45,0.3,6,0.04,29.284643,
pan_x_tilt_detection,-15,30,150,141,0.94,38,0.253333,7,0.046667,28.461291,
pan_x_tilt_detection,-15,45,0,0,,0,,0,,,
pan_x_tilt_detection,-15,60,150,141,0.94,45,0.3,8,0.053333,30.768891,
pan_x_tilt_detection,-15,75,0,0,,0,,0,,,
pan_x_tilt_detection,-15,90,0,0,,0,,0,,,
pan_x_tilt_detection,0,-90,150,79,0.526667,59,0.393333,37,0.246667,2.219159,
pan_x_tilt_detection,0,-75,0,0,,0,,0,,,
pan_x_tilt_detection,0,-60,150,125,0.833333,58,0.386667,16,0.106667,3.078395,
pan_x_tilt_detection,0,-45,0,0,,0,,0,,,
pan_x_tilt_detection,0,-30,150,132,0.88,53,0.353333,11,0.073333,2.476645,
pan_x_tilt_detection,0,-15,150,133,0.886667,39,0.26,13,0.086667,2.777887,
pan_x_tilt_detection,0,0,150,142,0.946667,37,0.246667,7,0.046667,3.143557,
pan_x_tilt_detection,0,15,150,145,0.966667,49,0.326667,3,0.02,3.425563,
pan_x_tilt_detection,0,30,150,139,0.926667,36,0.24,10,0.066667,2.753934,
pan_x_tilt_detection,0,45,0,0,,0,,0,,,
pan_x_tilt_detection,0,60,150,141,0.94,44,0.293333,4,0.026667,4.026988,
pan_x_tilt_detection,0,75,0,0,,0,,0,,,
pan_x_tilt_detection,0,90,150,63,0.42,62,0.413333,41,0.273333,7.034791,
pan_x_tilt_detection,15,-90,0,0,,0,,0,,,
pan_x_tilt_detection,15,-75,0,0,,0,,0,,,
pan_x_tilt_detection,15,-60,150,126,0.84,52,0.346667,16,0.106667,23.258715,
pan_x_tilt_detection,15,-45,0,0,,0,,0,,,
pan_x_tilt_detection,15,-30,150,132,0.88,49,0.326667,9,0.06,26.501504,
pan_x_tilt_detection,15,-15,150,136,0.906667,40,0.266667,10,0.066667,28.757725,
pan_x_tilt_detection,15,0,150,144,0.96,36,0.24,4,0.026667,25.583474,
pan_x_tilt_detection,15,15,150,148,0.986667,45,0.3,2,0.013333,25.315422,
pan_x_tilt_detection,15,30,150,139,0.926667,38,0.253333,8,0.053333,28.960925,
pan_x_tilt_detection,15,45,0,0,,0,,0,,,
pan_x_tilt_detection,15,60,150,138,0.92,51,0.34,8,0.053333,26.69272,
pan_x_tilt_detection,15,75,0,0,,0,,0,,,
pan_x_tilt_detection,15,90,0,0,,0,,0,,,
pan_x_tilt_detection,30,-90,0,0,,0,,0,,,
pan_x_tilt_detection,30,-75,0,0,,0,,0,,,
pan_x_tilt_detection,30,-60,150,121,0.806667,47,0.313333,22,0.146667,49.203132,
pan_x_tilt_detection,30,-45,0,0,,0,,0,,,
pan_x_tilt_detection,30,-30,150,129,0.86,44,0.293333,15,0.1,51.127539,
pan_x_tilt_detection,30,-15,150,133,0.886667,40,0.266667,12,0.08,51.104943,
pan_x_tilt_detection,30,0,150,137,0.913333,35,0.233333,6,0.04,50.987244,
pan_x_tilt_detection,30,15,150,138,0.92,39,0.26,8,0.053333,52.282444,
pan_x_tilt_detection,30,30,150,137,0.913333,41,0.273333,8,0.053333,54.892486,
pan_x_tilt_detection,30,45,0,0,,0,,0,,,
pan_x_tilt_detection,30,60,150,131,0.873333,50,0.333333,10,0.066667,51.266224,
pan_x_tilt_detection,30,75,0,0,,0,,0,,,
pan_x_tilt_detection,30,90,0,0,,0,,0,,,
pan_x_tilt_detection,45,-90,0,0,,0,,0,,,
pan_x_tilt_detection,45,-75,0,0,,0,,0,,,
pan_x_tilt_detection,45,-60,150,90,0.6,50,0.333333,41,0.273333,73.283454,
pan_x_tilt_detection,45,-45,0,0,,0,,0,,,
pan_x_tilt_detection,45,-30,150,109,0.726667,40,0.266667,25,0.166667,75.475572,
pan_x_tilt_detection,45,-15,150,123,0.82,36,0.24,18,0.12,75.534572,
pan_x_tilt_detection,45,0,150,122,0.813333,34,0.226667,21,0.14,74.840686,
pan_x_tilt_detection,45,15,150,129,0.86,43,0.286667,11,0.073333,76.429657,
pan_x_tilt_detection,45,30,150,127,0.846667,44,0.293333,18,0.12,76.725368,
pan_x_tilt_detection,45,45,0,0,,0,,0,,,
pan_x_tilt_detection,45,60,150,129,0.86,60,0.4,12,0.08,76.353714,
pan_x_tilt_detection,45,75,0,0,,0,,0,,,
pan_x_tilt_detection,45,90,0,0,,0,,0,,,
pan_x_tilt_detection,60,-90,0,0,,0,,0,,,
pan_x_tilt_detection,60,-75,0,0,,0,,0,,,
pan_x_tilt_detection,60,-60,150,58,0.386667,53,0.353333,61,0.406667,93.039034,
pan_x_tilt_detection,60,-45,0,0,,0,,0,,,
pan_x_tilt_detection,60,-30,150,81,0.54,41,0.273333,50,0.333333,98.026136,
pan_x_tilt_detection,60,-15,150,98,0.653333,42,0.28,35,0.233333,97.663624,
pan_x_tilt_detection,60,0,150,108,0.72,34,0.226667,30,0.2,96.914197,
pan_x_tilt_detection,60,15,150,110,0.733333,45,0.3,27,0.18,98.851662,
pan_x_tilt_detection,60,30,150,118,0.786667,46,0.306667,27,0.18,98.479645,
pan_x_tilt_detection,60,45,0,0,,0,,0,,,
pan_x_tilt_detection,60,60,150,109,0.726667,63,0.42,25,0.166667,98.770083,
pan_x_tilt_detection,60,75,0,0,,0,,0,,,
pan_x_tilt_detection,60,90,0,0,,0,,0,,,
pan_x_tilt_detection,75,-90,0,0,,0,,0,,,
pan_x_tilt_detection,75,-75,0,0,,0,,0,,,
pan_x_tilt_detection,75,-60,150,33,0.22,59,0.393333,69,0.46,113.053472,
pan_x_tilt_detection,75,-45,0,0,,0,,0,,,
pan_x_tilt_detection,75,-30,150,38,0.253333,39,0.26,84,0.56,116.542744,
pan_x_tilt_detection,75,-15,150,45,0.3,45,0.3,76,0.506667,116.465175,
pan_x_tilt_detection,75,0,150,87,0.58,38,0.253333,44,0.293333,118.128276,
pan_x_tilt_detection,75,15,150,90,0.6,48,0.32,41,0.273333,117.577394,
pan_x_tilt_detection,75,30,150,104,0.693333,51,0.34,33,0.22,118.059444,
pan_x_tilt_detection,75,45,0,0,,0,,0,,,
pan_x_tilt_detection,75,60,150,104,0.693333,61,0.406667,21,0.14,117.723752,
pan_x_tilt_detection,75,75,0,0,,0,,0,,,
pan_x_tilt_detection,75,90,0,0,,0,,0,,,
pan_x_tilt_detection,90,-90,0,0,,0,,0,,,
pan_x_tilt_detection,90,-75,0,0,,0,,0,,,
pan_x_tilt_detection,90,-60,150,11,0.073333,63,0.42,83,0.553333,128.713743,
pan_x_tilt_detection,90,-45,0,0,,0,,0,,,
pan_x_tilt_detection,90,-30,150,22,0.146667,48,0.32,89,0.593333,136.251651,
pan_x_tilt_detection,90,-15,150,28,0.186667,45,0.3,85,0.566667,136.3802,
pan_x_tilt_detection,90,0,150,50,0.333333,38,0.253333,75,0.5,137.473602,
pan_x_tilt_detection,90,15,150,65,0.433333,49,0.326667,61,0.406667,138.317571,
pan_x_tilt_detection,90,30,150,92,0.613333,62,0.413333,27,0.18,138.832814,
pan_x_tilt_detection,90,45,0,0,,0,,0,,,
pan_x_tilt_detection,90,60,150,85,0.566667,77,0.513333,23,0.153333,137.760467,
pan_x_tilt_detection,90,75,0,0,,0,,0,,,
pan_x_tilt_detection,90,90,0,0,,0,,0,,,
