pha,loai_pha,so_ban_tin,phat_hien_dung,do_tre_s,ti_le_co_pct,thay_mat_pct,bao_gia,tre_chuyen_pha,so_ban_tin_b,phat_hien_dung_b,do_tre_b_s,ti_le_co_b_pct,bao_gia_b
baseline,không báo,114,,,,100.000,0,0,91,,,,0
blink,không báo,93,,,,100.000,0,0,70,,,,0
eyes_closed (1),có cảnh báo,81,có,3.538,24.691,100.000,0,0,58,có,1.538,34.483,0
rest1,không báo,35,,,,100.000,0,0,11,,,,0
look_left (1),có cảnh báo,79,có,3.800,18.987,29.114,0,0,57,có,1.800,26.316,0
rest2,không báo,34,,,,88.235,0,0,12,,,,0
look_left (2),có cảnh báo,78,có,7.061,1.282,64.103,0,0,57,có,5.061,1.754,0
rest7,không báo,36,,,,50.000,0,0,12,,,,0
look_right (1),có cảnh báo,81,có,3.890,20.988,44.444,0,0,58,có,1.890,29.310,0
rest3,không báo,34,,,,100.000,0,0,11,,,,0
look_right (2),có cảnh báo,79,có,3.940,16.456,34.177,0,0,58,có,1.940,22.414,0
rest8,không báo,34,,,,100.000,0,0,12,,,,0
look_down (1),có cảnh báo,83,có,6.290,12.048,100.000,0,0,60,có,4.290,16.667,0
rest4,không báo,34,,,,100.000,0,0,12,,,,0
yawn (1),có cảnh báo,80,có,3.750,46.250,100.000,0,0,58,có,1.750,63.793,0
rest5,không báo,33,,,,100.000,0,0,11,,,,0
talk,không báo,93,,,,100.000,0,0,70,,,,0
smile,không báo,55,,,,100.000,0,0,33,,,,0
rest6,không báo,35,,,,100.000,0,0,12,,,,0
phone (1),có cảnh báo,80,có,0.286,38.750,98.750,0,0,57,có,1.493,50.877,0
rest9,không báo,35,,,,100.000,1,1,11,,,,1
phone_near_face (1),có cảnh báo,82,có,0.008,80.488,100.000,0,0,59,có,0.055,91.525,0
TỔNG,tóm tắt,723,9/9,3.800,29.046,74.827,1,1,522,9/9,1.800,37.548,1
