model,conf,latency_ms,image_P,image_R,image_F1,image_FPR,usage_roi_P,usage_roi_R,usage_roi_F1,usage_roi_FPR,tp,fp,fn,tn
yolo26n.pt,0.1,11.2,0.866,0.387,0.535,0.04,0.774,0.04,0.076,0.008,232,36,368,864
yolo26n.pt,0.25,11.2,0.978,0.148,0.258,0.002,1.0,0.013,0.026,0.0,89,2,511,898
yolo26n.pt,0.4,11.2,0.966,0.047,0.089,0.001,0,0.0,0,0.0,28,1,572,899
yolo26s.pt,0.1,13.0,0.723,0.813,0.765,0.208,0.747,0.098,0.174,0.022,488,187,112,713
yolo26s.pt,0.25,13.0,0.843,0.663,0.743,0.082,0.803,0.082,0.148,0.013,398,74,202,826
yolo26s.pt,0.4,13.0,0.908,0.493,0.639,0.033,0.878,0.06,0.112,0.006,296,30,304,870
yolo26m.pt,0.1,25.2,0.736,0.91,0.814,0.218,0.738,0.103,0.181,0.024,546,196,54,704
yolo26m.pt,0.25,25.2,0.817,0.805,0.811,0.12,0.771,0.09,0.161,0.018,483,108,117,792
yolo26m.pt,0.4,25.2,0.891,0.678,0.77,0.056,0.88,0.073,0.135,0.007,407,50,193,850
yolo26l.pt,0.1,31.3,0.746,0.92,0.824,0.209,0.812,0.115,0.201,0.018,552,188,48,712
yolo26l.pt,0.25,31.3,0.858,0.823,0.84,0.091,0.877,0.095,0.171,0.009,494,82,106,818
yolo26l.pt,0.4,31.3,0.903,0.697,0.786,0.05,0.88,0.073,0.135,0.007,418,45,182,855
yolo26x.pt,0.1,53.8,0.751,0.953,0.84,0.211,0.774,0.12,0.208,0.023,572,190,28,710
yolo26x.pt,0.25,53.8,0.857,0.898,0.877,0.1,0.836,0.102,0.181,0.013,539,90,61,810
yolo26x.pt,0.4,53.8,0.886,0.813,0.848,0.07,0.864,0.085,0.155,0.009,488,63,112,837
