run,model,imgsz,conf,precision,recall,f1,recall_large_box,fp_on_400_negative_images,ms_per_image,vram_peak_mib
1,yolo11n,320,0.35,0.81,0.20,0.32,0.51,1,20.2,
2,yolo26n,320,0.35,0.89,0.19,0.31,0.50,1,21.4,
3,yolo11n,640,0.35,0.84,0.33,0.48,0.65,1,20.8,
4,yolo26n,640,0.35,0.89,0.30,0.45,0.63,0,21.4,
5,yolo11n,640,0.20,0.73,0.40,0.52,0.72,3,20.0,
6,yolo26n,640,0.20,0.79,0.36,0.50,0.71,2,21.2,
7,yolo11n,960,0.35,0.79,0.38,0.51,0.60,0,21.8,
8,yolo26n,960,0.35,0.88,0.37,0.52,0.66,1,23.6,
9,yolo11n,960,0.20,0.71,0.47,0.56,0.71,1,21.7,
10,yolo26n,960,0.20,0.81,0.47,0.60,0.71,2,23.8,
11,yolo26n,640,0.25,0.84,0.34,0.48,0.68,2,12.2,65
12,yolo26n,960,0.25,0.86,0.43,0.57,0.71,2,14.9,95
13,yolo26s,640,0.25,0.78,0.54,0.64,0.81,2,21.1,111
14,yolo26m,640,0.25,0.80,0.61,0.70,0.84,1,24.4,229
15,yolo26l,640,0.25,0.83,0.65,0.73,0.81,3,35.4,337
16,yolo26x,640,0.25,0.84,0.69,0.76,0.85,3,53.8,394
17,yolo26x,960,0.25,0.81,0.72,0.76,0.87,4,114.7,563
